<?xml version="1.0" encoding="UTF-8"?>
<project-private xmlns="http://www.netbeans.org/ns/project-private/1">
    <editor-bookmarks xmlns="http://www.netbeans.org/ns/editor-bookmarks/2" lastBookmarkId="0"/>
    <open-files xmlns="http://www.netbeans.org/ns/projectui-open-files/2">
        <group>
            <file>file:/D:/GitHub/PRJ302/Practice_01/web/danhap.jsp</file>
            <file>file:/D:/GitHub/PRJ302/Practice_01/src/java/Controller/RegisterController.java</file>
            <file>file:/D:/GitHub/PRJ302/Practice_01/web/register.jsp</file>
            <file>file:/D:/GitHub/PRJ302/Practice_01/src/java/Controller/LoginController.java</file>
            <file>file:/D:/GitHub/PRJ302/Practice_01/web/login.jsp</file>
            <file>file:/D:/GitHub/PRJ302/Practice_01/web/index.jsp</file>
        </group>
    </open-files>
</project-private>
